"student_id","major_dept_id","student_email","gpa","enrollment_year"
1,1,"student.1@university.edu","3.50",2020
2,1,"student.2@university.edu","3.80",2021
3,2,"student.3@university.edu","3.20",2020
4,2,"student.4@university.edu","3.90",2022
5,3,"student.5@university.edu","3.00",2021
6,3,"student.6@university.edu","3.70",2023
7,4,"student.7@university.edu","3.10",2020
8,4,"student.8@university.edu","3.60",2022
9,5,"student.9@university.edu","3.40",2021
10,5,"student.10@university.edu","3.95",2023
11,6,"student.11@university.edu","2.90",2020
12,6,"student.12@university.edu","3.30",2022
13,7,"student.13@university.edu","3.55",2021
14,7,"student.14@university.edu","3.85",2023
15,8,"student.15@university.edu","3.05",2020
16,8,"student.16@university.edu","3.75",2022
17,9,"student.17@university.edu","3.65",2021
18,9,"student.18@university.edu","3.95",2023
19,10,"student.19@university.edu","3.25",2020
20,10,"student.20@university.edu","3.75",2022
21,11,"student.21@university.edu","3.30",2021
22,11,"student.22@university.edu","3.05",2023
23,12,"student.23@university.edu","3.80",2020
24,12,"student.24@university.edu","3.65",2022
25,13,"student.25@university.edu","3.15",2021
26,13,"student.26@university.edu","3.90",2023
27,14,"student.27@university.edu","3.45",2020
28,14,"student.28@university.edu","3.70",2022
29,15,"student.29@university.edu","3.20",2021
30,15,"student.30@university.edu","3.55",2023
31,16,"student.31@university.edu","3.95",2020
32,16,"student.32@university.edu","3.10",2022
33,17,"student.33@university.edu","3.85",2021
34,17,"student.34@university.edu","3.40",2023
35,18,"student.35@university.edu","3.25",2020
36,18,"student.36@university.edu","3.60",2022
37,19,"student.37@university.edu","3.75",2021
38,19,"student.38@university.edu","3.50",2023
39,20,"student.39@university.edu","3.18",2020
40,20,"student.40@university.edu","3.88",2022
41,21,"student.41@university.edu","3.33",2021
42,21,"student.42@university.edu","3.08",2023
43,22,"student.43@university.edu","3.78",2020
44,22,"student.44@university.edu","3.63",2022
45,23,"student.45@university.edu","3.13",2021
46,23,"student.46@university.edu","3.83",2023
47,24,"student.47@university.edu","3.43",2020
48,24,"student.48@university.edu","3.68",2022
49,25,"student.49@university.edu","3.23",2021
50,25,"student.50@university.edu","3.58",2023
51,26,"student.51@university.edu","3.93",2020
52,26,"student.52@university.edu","3.07",2022
53,27,"student.53@university.edu","3.82",2021
54,27,"student.54@university.edu","3.37",2023
55,28,"student.55@university.edu","3.22",2020
56,28,"student.56@university.edu","3.57",2022
57,29,"student.57@university.edu","3.72",2021
58,29,"student.58@university.edu","3.47",2023
59,30,"student.59@university.edu","3.17",2020
60,30,"student.60@university.edu","3.87",2022
61,31,"student.61@university.edu","3.32",2021
62,31,"student.62@university.edu","3.02",2023
63,32,"student.63@university.edu","3.77",2020
64,32,"student.64@university.edu","3.62",2022
65,33,"student.65@university.edu","3.12",2021
66,33,"student.66@university.edu","3.88",2023
67,34,"student.67@university.edu","3.48",2020
68,34,"student.68@university.edu","3.63",2022
69,35,"student.69@university.edu","3.28",2021
70,35,"student.70@university.edu","3.53",2023
71,36,"student.71@university.edu","3.98",2020
72,36,"student.72@university.edu","3.08",2022
73,37,"student.73@university.edu","3.83",2021
74,37,"student.74@university.edu","3.33",2023
75,38,"student.75@university.edu","3.18",2020
76,38,"student.76@university.edu","3.53",2022
77,39,"student.77@university.edu","3.68",2021
78,39,"student.78@university.edu","3.43",2023
79,40,"student.79@university.edu","3.08",2020
80,40,"student.80@university.edu","3.78",2022
81,41,"student.81@university.edu","3.23",2021
82,41,"student.82@university.edu","3.93",2023
83,42,"student.83@university.edu","3.58",2020
84,42,"student.84@university.edu","3.33",2022
85,43,"student.85@university.edu","3.88",2021
86,43,"student.86@university.edu","3.68",2023
87,44,"student.87@university.edu","3.18",2020
88,44,"student.88@university.edu","3.48",2022
89,45,"student.89@university.edu","3.73",2021
90,45,"student.90@university.edu","3.28",2023
91,46,"student.91@university.edu","3.53",2020
92,46,"student.92@university.edu","3.98",2022
93,47,"student.93@university.edu","3.38",2021
94,47,"student.94@university.edu","3.03",2023
95,48,"student.95@university.edu","3.73",2020
96,48,"student.96@university.edu","3.58",2022
97,49,"student.97@university.edu","3.18",2021
98,49,"student.98@university.edu","3.88",2023
99,50,"student.99@university.edu","3.48",2020
100,50,"student.100@university.edu","3.63",2022
101,51,"student.101@university.edu","3.23",2021
102,51,"student.102@university.edu","3.58",2023
103,52,"student.103@university.edu","3.93",2020
104,52,"student.104@university.edu","3.07",2022
105,53,"student.105@university.edu","3.82",2021
106,53,"student.106@university.edu","3.37",2023
107,54,"student.107@university.edu","3.22",2020
108,54,"student.108@university.edu","3.57",2022
109,55,"student.109@university.edu","3.72",2021
110,55,"student.110@university.edu","3.47",2023
111,56,"student.111@university.edu","3.17",2020
112,56,"student.112@university.edu","3.87",2022
113,57,"student.113@university.edu","3.32",2021
114,57,"student.114@university.edu","3.02",2023
115,58,"student.115@university.edu","3.77",2020
116,58,"student.116@university.edu","3.62",2022
117,59,"student.117@university.edu","3.12",2021
118,59,"student.118@university.edu","3.88",2023
119,60,"student.119@university.edu","3.48",2020
120,60,"student.120@university.edu","3.63",2022
121,61,"student.121@university.edu","3.28",2021
122,61,"student.122@university.edu","3.53",2023
123,62,"student.123@university.edu","3.98",2020
124,62,"student.124@university.edu","3.08",2022
125,63,"student.125@university.edu","3.83",2021
126,63,"student.126@university.edu","3.33",2023
127,64,"student.127@university.edu","3.18",2020
128,64,"student.128@university.edu","3.53",2022
129,65,"student.129@university.edu","3.68",2021
130,65,"student.130@university.edu","3.43",2023
131,66,"student.131@university.edu","3.08",2020
132,66,"student.132@university.edu","3.78",2022
133,67,"student.133@university.edu","3.23",2021
134,67,"student.134@university.edu","3.93",2023
135,68,"student.135@university.edu","3.58",2020
136,68,"student.136@university.edu","3.33",2022
137,69,"student.137@university.edu","3.88",2021
138,69,"student.138@university.edu","3.68",2023
139,70,"student.139@university.edu","3.18",2020
140,70,"student.140@university.edu","3.48",2022
141,71,"student.141@university.edu","3.73",2021
142,71,"student.142@university.edu","3.28",2023
143,72,"student.143@university.edu","3.53",2020
144,72,"student.144@university.edu","3.98",2022
145,73,"student.145@university.edu","3.38",2021
146,73,"student.146@university.edu","3.03",2023
147,74,"student.147@university.edu","3.73",2020
148,74,"student.148@university.edu","3.58",2022
149,75,"student.149@university.edu","3.18",2021
150,75,"student.150@university.edu","3.88",2023
151,76,"student.151@university.edu","3.48",2020
152,76,"student.152@university.edu","3.63",2022
153,77,"student.153@university.edu","3.23",2021
154,77,"student.154@university.edu","3.58",2023
155,78,"student.155@university.edu","3.93",2020
156,78,"student.156@university.edu","3.07",2022
157,79,"student.157@university.edu","3.82",2021
158,79,"student.158@university.edu","3.37",2023
159,80,"student.159@university.edu","3.22",2020
160,80,"student.160@university.edu","3.57",2022
161,81,"student.161@university.edu","3.72",2021
162,81,"student.162@university.edu","3.47",2023
163,82,"student.163@university.edu","3.17",2020
164,82,"student.164@university.edu","3.87",2022
165,83,"student.165@university.edu","3.32",2021
166,83,"student.166@university.edu","3.02",2023
167,84,"student.167@university.edu","3.77",2020
168,84,"student.168@university.edu","3.62",2022
169,85,"student.169@university.edu","3.12",2021
170,85,"student.170@university.edu","3.88",2023
171,86,"student.171@university.edu","3.48",2020
172,86,"student.172@university.edu","3.63",2022
173,87,"student.173@university.edu","3.28",2021
174,87,"student.174@university.edu","3.53",2023
175,88,"student.175@university.edu","3.98",2020
176,88,"student.176@university.edu","3.08",2022
177,89,"student.177@university.edu","3.83",2021
178,89,"student.178@university.edu","3.33",2023
179,90,"student.179@university.edu","3.18",2020
180,90,"student.180@university.edu","3.53",2022
181,91,"student.181@university.edu","3.68",2021
182,91,"student.182@university.edu","3.43",2023
183,92,"student.183@university.edu","3.08",2020
184,92,"student.184@university.edu","3.78",2022
185,93,"student.185@university.edu","3.23",2021
186,93,"student.186@university.edu","3.93",2023
187,94,"student.187@university.edu","3.58",2020
188,94,"student.188@university.edu","3.33",2022
189,95,"student.189@university.edu","3.88",2021
190,95,"student.190@university.edu","3.68",2023
191,96,"student.191@university.edu","3.18",2020
192,96,"student.192@university.edu","3.48",2022
193,97,"student.193@university.edu","3.73",2021
194,97,"student.194@university.edu","3.28",2023
195,98,"student.195@university.edu","3.53",2020
196,98,"student.196@university.edu","3.98",2022
197,99,"student.197@university.edu","3.38",2021
198,99,"student.198@university.edu","3.03",2023
199,100,"student.199@university.edu","3.73",2020
200,100,"student.200@university.edu","3.58",2022
201,101,"student.201@university.edu","3.18",2021
202,101,"student.202@university.edu","3.88",2023
203,102,"student.203@university.edu","3.48",2020
204,102,"student.204@university.edu","3.63",2022
205,103,"student.205@university.edu","3.23",2021
206,103,"student.206@university.edu","3.58",2023
207,104,"student.207@university.edu","3.93",2020
208,104,"student.208@university.edu","3.07",2022
209,105,"student.209@university.edu","3.82",2021
210,105,"student.210@university.edu","3.37",2023
211,106,"student.211@university.edu","3.22",2020
212,106,"student.212@university.edu","3.57",2022
213,107,"student.213@university.edu","3.72",2021
214,107,"student.214@university.edu","3.47",2023
215,108,"student.215@university.edu","3.17",2020
216,108,"student.216@university.edu","3.87",2022
217,109,"student.217@university.edu","3.32",2021
218,109,"student.218@university.edu","3.02",2023
219,110,"student.219@university.edu","3.77",2020
220,110,"student.220@university.edu","3.62",2022
221,111,"student.221@university.edu","3.12",2021
222,111,"student.222@university.edu","3.88",2023
223,112,"student.223@university.edu","3.48",2020
224,112,"student.224@university.edu","3.63",2022
225,113,"student.225@university.edu","3.28",2021
226,113,"student.226@university.edu","3.53",2023
227,114,"student.227@university.edu","3.98",2020
228,114,"student.228@university.edu","3.08",2022
229,115,"student.229@university.edu","3.83",2021
230,115,"student.230@university.edu","3.33",2023
231,116,"student.231@university.edu","3.18",2020
232,116,"student.232@university.edu","3.53",2022
233,117,"student.233@university.edu","3.68",2021
234,117,"student.234@university.edu","3.43",2023
235,118,"student.235@university.edu","3.08",2020
236,118,"student.236@university.edu","3.78",2022
237,119,"student.237@university.edu","3.23",2021
238,119,"student.238@university.edu","3.93",2023
239,120,"student.239@university.edu","3.58",2020
240,120,"student.240@university.edu","3.33",2022
241,121,"student.241@university.edu","3.88",2021
242,121,"student.242@university.edu","3.68",2023
243,122,"student.243@university.edu","3.18",2020
244,122,"student.244@university.edu","3.48",2022
245,123,"student.245@university.edu","3.73",2021
246,123,"student.246@university.edu","3.28",2023
247,124,"student.247@university.edu","3.53",2020
248,124,"student.248@university.edu","3.98",2022
249,125,"student.249@university.edu","3.38",2021
250,125,"student.250@university.edu","3.03",2023
251,126,"student.251@university.edu","3.73",2020
252,126,"student.252@university.edu","3.58",2022
253,127,"student.253@university.edu","3.18",2021
254,127,"student.254@university.edu","3.88",2023
255,128,"student.255@university.edu","3.48",2020
256,128,"student.256@university.edu","3.63",2022
257,129,"student.257@university.edu","3.23",2021
258,129,"student.258@university.edu","3.58",2023
259,130,"student.259@university.edu","3.93",2020
260,130,"student.260@university.edu","3.07",2022
261,131,"student.261@university.edu","3.82",2021
262,131,"student.262@university.edu","3.37",2023
263,132,"student.263@university.edu","3.22",2020
264,132,"student.264@university.edu","3.57",2022
265,133,"student.265@university.edu","3.72",2021
266,133,"student.266@university.edu","3.47",2023
267,134,"student.267@university.edu","3.17",2020
268,134,"student.268@university.edu","3.87",2022
269,135,"student.269@university.edu","3.32",2021
270,135,"student.270@university.edu","3.02",2023
271,136,"student.271@university.edu","3.77",2020
272,136,"student.272@university.edu","3.62",2022
273,137,"student.273@university.edu","3.12",2021
274,137,"student.274@university.edu","3.88",2023
275,138,"student.275@university.edu","3.48",2020
276,138,"student.276@university.edu","3.63",2022
277,139,"student.277@university.edu","3.28",2021
278,139,"student.278@university.edu","3.53",2023
279,140,"student.279@university.edu","3.98",2020
280,140,"student.280@university.edu","3.08",2022
281,141,"student.281@university.edu","3.83",2021
282,141,"student.282@university.edu","3.33",2023
283,142,"student.283@university.edu","3.18",2020
284,142,"student.284@university.edu","3.53",2022
285,143,"student.285@university.edu","3.68",2021
286,143,"student.286@university.edu","3.43",2023
287,144,"student.287@university.edu","3.08",2020
288,144,"student.288@university.edu","3.78",2022
289,145,"student.289@university.edu","3.23",2021
290,145,"student.290@university.edu","3.93",2023
291,146,"student.291@university.edu","3.58",2020
292,146,"student.292@university.edu","3.33",2022
293,147,"student.293@university.edu","3.88",2021
294,147,"student.294@university.edu","3.68",2023
295,148,"student.295@university.edu","3.18",2020
296,148,"student.296@university.edu","3.48",2022
297,149,"student.297@university.edu","3.73",2021
298,149,"student.298@university.edu","3.28",2023
299,150,"student.299@university.edu","3.53",2020
300,150,"student.300@university.edu","3.98",2022
301,151,"student.301@university.edu","3.38",2021
302,151,"student.302@university.edu","3.03",2023
303,152,"student.303@university.edu","3.73",2020
304,152,"student.304@university.edu","3.58",2022
305,153,"student.305@university.edu","3.18",2021
306,153,"student.306@university.edu","3.88",2023
307,154,"student.307@university.edu","3.48",2020
308,154,"student.308@university.edu","3.63",2022
309,155,"student.309@university.edu","3.23",2021
310,155,"student.310@university.edu","3.58",2023
311,156,"student.311@university.edu","3.93",2020
312,156,"student.312@university.edu","3.07",2022
313,157,"student.313@university.edu","3.82",2021
314,157,"student.314@university.edu","3.37",2023
315,158,"student.315@university.edu","3.22",2020
316,158,"student.316@university.edu","3.57",2022
317,159,"student.317@university.edu","3.72",2021
318,159,"student.318@university.edu","3.47",2023
319,160,"student.319@university.edu","3.17",2020
320,160,"student.320@university.edu","3.87",2022
321,161,"student.321@university.edu","3.32",2021
322,161,"student.322@university.edu","3.02",2023
323,162,"student.323@university.edu","3.77",2020
324,162,"student.324@university.edu","3.62",2022
325,163,"student.325@university.edu","3.12",2021
326,163,"student.326@university.edu","3.88",2023
327,164,"student.327@university.edu","3.48",2020
328,164,"student.328@university.edu","3.63",2022
329,165,"student.329@university.edu","3.28",2021
330,165,"student.330@university.edu","3.53",2023
331,166,"student.331@university.edu","3.98",2020
332,166,"student.332@university.edu","3.08",2022
333,167,"student.333@university.edu","3.83",2021
334,167,"student.334@university.edu","3.33",2023
335,168,"student.335@university.edu","3.18",2020
336,168,"student.336@university.edu","3.53",2022
337,169,"student.337@university.edu","3.68",2021
338,169,"student.338@university.edu","3.43",2023
339,170,"student.339@university.edu","3.08",2020
340,170,"student.340@university.edu","3.78",2022
341,171,"student.341@university.edu","3.23",2021
342,171,"student.342@university.edu","3.93",2023
343,172,"student.343@university.edu","3.58",2020
344,172,"student.344@university.edu","3.33",2022
345,173,"student.345@university.edu","3.88",2021
346,173,"student.346@university.edu","3.68",2023
347,174,"student.347@university.edu","3.18",2020
348,174,"student.348@university.edu","3.48",2022
349,175,"student.349@university.edu","3.73",2021
350,175,"student.350@university.edu","3.28",2023
351,176,"student.351@university.edu","3.53",2020
352,176,"student.352@university.edu","3.98",2022
353,177,"student.353@university.edu","3.38",2021
354,177,"student.354@university.edu","3.03",2023
355,178,"student.355@university.edu","3.73",2020
356,178,"student.356@university.edu","3.58",2022
357,179,"student.357@university.edu","3.18",2021
358,179,"student.358@university.edu","3.88",2023
359,180,"student.359@university.edu","3.48",2020
360,180,"student.360@university.edu","3.63",2022
361,181,"student.361@university.edu","3.23",2021
362,181,"student.362@university.edu","3.58",2023
363,182,"student.363@university.edu","3.93",2020
364,182,"student.364@university.edu","3.07",2022
365,183,"student.365@university.edu","3.82",2021
366,183,"student.366@university.edu","3.37",2023
367,184,"student.367@university.edu","3.22",2020
368,184,"student.368@university.edu","3.57",2022
369,185,"student.369@university.edu","3.72",2021
370,185,"student.370@university.edu","3.47",2023
371,186,"student.371@university.edu","3.17",2020
372,186,"student.372@university.edu","3.87",2022
373,187,"student.373@university.edu","3.32",2021
374,187,"student.374@university.edu","3.02",2023
375,188,"student.375@university.edu","3.77",2020
376,188,"student.376@university.edu","3.62",2022
377,189,"student.377@university.edu","3.12",2021
378,189,"student.378@university.edu","3.88",2023
379,190,"student.379@university.edu","3.48",2020
380,190,"student.380@university.edu","3.63",2022
381,191,"student.381@university.edu","3.28",2021
382,191,"student.382@university.edu","3.53",2023
383,192,"student.383@university.edu","3.98",2020
384,192,"student.384@university.edu","3.08",2022
385,193,"student.385@university.edu","3.83",2021
386,193,"student.386@university.edu","3.33",2023
387,194,"student.387@university.edu","3.18",2020
388,194,"student.388@university.edu","3.53",2022
389,195,"student.389@university.edu","3.68",2021
390,195,"student.390@university.edu","3.43",2023
391,196,"student.391@university.edu","3.08",2020
392,196,"student.392@university.edu","3.78",2022
393,197,"student.393@university.edu","3.23",2021
394,197,"student.394@university.edu","3.93",2023
395,198,"student.395@university.edu","3.58",2020
396,198,"student.396@university.edu","3.33",2022
397,199,"student.397@university.edu","3.88",2021
398,199,"student.398@university.edu","3.68",2023
399,200,"student.399@university.edu","3.18",2020
400,200,"student.400@university.edu","3.48",2022
401,1,"student.401@university.edu","3.73",2021
402,1,"student.402@university.edu","3.28",2023
403,2,"student.403@university.edu","3.53",2020
404,2,"student.404@university.edu","3.98",2022
405,3,"student.405@university.edu","3.38",2021
406,3,"student.406@university.edu","3.03",2023
407,4,"student.407@university.edu","3.73",2020
408,4,"student.408@university.edu","3.58",2022
409,5,"student.409@university.edu","3.18",2021
410,5,"student.410@university.edu","3.88",2023
411,6,"student.411@university.edu","3.48",2020
412,6,"student.412@university.edu","3.63",2022
413,7,"student.413@university.edu","3.23",2021
414,7,"student.414@university.edu","3.58",2023
415,8,"student.415@university.edu","3.93",2020
416,8,"student.416@university.edu","3.07",2022
417,9,"student.417@university.edu","3.82",2021
418,9,"student.418@university.edu","3.37",2023
419,10,"student.419@university.edu","3.22",2020
420,10,"student.420@university.edu","3.57",2022
421,11,"student.421@university.edu","3.78",2021
422,11,"student.422@university.edu","3.63",2023
423,12,"student.423@university.edu","3.13",2020
424,12,"student.424@university.edu","3.83",2022
425,13,"student.425@university.edu","3.43",2021
426,13,"student.426@university.edu","3.68",2023
427,14,"student.427@university.edu","3.23",2020
428,14,"student.428@university.edu","3.58",2022
429,15,"student.429@university.edu","3.93",2021
430,15,"student.430@university.edu","3.07",2023
431,16,"student.431@university.edu","3.82",2020
432,16,"student.432@university.edu","3.37",2022
433,17,"student.433@university.edu","3.22",2021
434,17,"student.434@university.edu","3.57",2023
435,18,"student.435@university.edu","3.72",2020
436,18,"student.436@university.edu","3.47",2022
437,19,"student.437@university.edu","3.17",2021
438,19,"student.438@university.edu","3.87",2023
439,20,"student.439@university.edu","3.32",2020
440,20,"student.440@university.edu","3.02",2022
441,21,"student.441@university.edu","3.77",2021
442,21,"student.442@university.edu","3.62",2023
443,22,"student.443@university.edu","3.12",2020
444,22,"student.444@university.edu","3.88",2022
445,23,"student.445@university.edu","3.48",2021
446,23,"student.446@university.edu","3.63",2023
447,24,"student.447@university.edu","3.28",2020
448,24,"student.448@university.edu","3.53",2022
449,25,"student.449@university.edu","3.98",2021
450,25,"student.450@university.edu","3.08",2023
451,26,"student.451@university.edu","3.83",2020
452,26,"student.452@university.edu","3.33",2022
453,27,"student.453@university.edu","3.18",2021
454,27,"student.454@university.edu","3.53",2023
455,28,"student.455@university.edu","3.68",2020
456,28,"student.456@university.edu","3.43",2022
457,29,"student.457@university.edu","3.08",2021
458,29,"student.458@university.edu","3.78",2023
459,30,"student.459@university.edu","3.23",2020
460,30,"student.460@university.edu","3.93",2022
461,31,"student.461@university.edu","3.58",2021
462,31,"student.462@university.edu","3.33",2023
463,32,"student.463@university.edu","3.88",2020
464,32,"student.464@university.edu","3.68",2022
465,33,"student.465@university.edu","3.18",2021
466,33,"student.466@university.edu","3.48",2023
467,34,"student.467@university.edu","3.73",2020
468,34,"student.468@university.edu","3.28",2022
469,35,"student.469@university.edu","3.53",2021
470,35,"student.470@university.edu","3.98",2023
471,36,"student.471@university.edu","3.38",2020
472,36,"student.472@university.edu","3.03",2022
473,37,"student.473@university.edu","3.73",2021
474,37,"student.474@university.edu","3.58",2023
475,38,"student.475@university.edu","3.18",2020
476,38,"student.476@university.edu","3.88",2022
477,39,"student.477@university.edu","3.48",2021
478,39,"student.478@university.edu","3.63",2023
479,40,"student.479@university.edu","3.23",2020
480,40,"student.480@university.edu","3.58",2022
481,41,"student.481@university.edu","3.93",2021
482,41,"student.482@university.edu","3.07",2023
483,42,"student.483@university.edu","3.82",2020
484,42,"student.484@university.edu","3.37",2022
485,43,"student.485@university.edu","3.22",2021
486,43,"student.486@university.edu","3.57",2023
487,44,"student.487@university.edu","3.72",2020
488,44,"student.488@university.edu","3.47",2022
489,45,"student.489@university.edu","3.17",2021
490,45,"student.490@university.edu","3.87",2023
491,46,"student.491@university.edu","3.32",2020
492,46,"student.492@university.edu","3.02",2022
493,47,"student.493@university.edu","3.77",2021
494,47,"student.494@university.edu","3.62",2023
495,48,"student.495@university.edu","3.12",2020
496,48,"student.496@university.edu","3.88",2022
497,49,"student.497@university.edu","3.48",2021
498,49,"student.498@university.edu","3.63",2023
499,50,"student.499@university.edu","3.28",2020
500,50,"student.500@university.edu","3.53",2022
501,51,"student.501@university.edu","3.98",2021
502,51,"student.502@university.edu","3.08",2023
503,52,"student.503@university.edu","3.83",2020
504,52,"student.504@university.edu","3.33",2022
505,53,"student.505@university.edu","3.18",2021
506,53,"student.506@university.edu","3.53",2023
507,54,"student.507@university.edu","3.68",2020
508,54,"student.508@university.edu","3.43",2022
509,55,"student.509@university.edu","3.08",2021
510,55,"student.510@university.edu","3.78",2023
511,56,"student.511@university.edu","3.23",2020
512,56,"student.512@university.edu","3.93",2022
513,57,"student.513@university.edu","3.58",2021
514,57,"student.514@university.edu","3.33",2023
515,58,"student.515@university.edu","3.88",2020
516,58,"student.516@university.edu","3.68",2022
517,59,"student.517@university.edu","3.18",2021
518,59,"student.518@university.edu","3.48",2023
519,60,"student.519@university.edu","3.73",2020
520,60,"student.520@university.edu","3.28",2022
521,61,"student.521@university.edu","3.53",2021
522,61,"student.522@university.edu","3.98",2023
523,62,"student.523@university.edu","3.38",2020
524,62,"student.524@university.edu","3.03",2022
525,63,"student.525@university.edu","3.73",2021
526,63,"student.526@university.edu","3.58",2023
527,64,"student.527@university.edu","3.18",2020
528,64,"student.528@university.edu","3.88",2022
529,65,"student.529@university.edu","3.48",2021
530,65,"student.530@university.edu","3.63",2023
531,66,"student.531@university.edu","3.23",2020
532,66,"student.532@university.edu","3.58",2022
533,67,"student.533@university.edu","3.93",2021
534,67,"student.534@university.edu","3.07",2023
535,68,"student.535@university.edu","3.82",2020
536,68,"student.536@university.edu","3.37",2022
537,69,"student.537@university.edu","3.22",2021
538,69,"student.538@university.edu","3.57",2023
539,70,"student.539@university.edu","3.72",2020
540,70,"student.540@university.edu","3.47",2022
541,71,"student.541@university.edu","3.17",2021
542,71,"student.542@university.edu","3.87",2023
543,72,"student.543@university.edu","3.32",2020
544,72,"student.544@university.edu","3.02",2022
545,73,"student.545@university.edu","3.77",2021
546,73,"student.546@university.edu","3.62",2023
547,74,"student.547@university.edu","3.12",2020
548,74,"student.548@university.edu","3.88",2022
549,75,"student.549@university.edu","3.48",2021
550,75,"student.550@university.edu","3.63",2023
551,76,"student.551@university.edu","3.28",2020
552,76,"student.552@university.edu","3.53",2022
553,77,"student.553@university.edu","3.98",2021
554,77,"student.554@university.edu","3.08",2023
555,78,"student.555@university.edu","3.83",2020
556,78,"student.556@university.edu","3.33",2022
557,79,"student.557@university.edu","3.18",2021
558,79,"student.558@university.edu","3.53",2023
559,80,"student.559@university.edu","3.68",2020
560,80,"student.560@university.edu","3.43",2022
561,81,"student.561@university.edu","3.08",2021
562,81,"student.562@university.edu","3.78",2023
563,82,"student.563@university.edu","3.23",2020
564,82,"student.564@university.edu","3.93",2022
565,83,"student.565@university.edu","3.58",2021
566,83,"student.566@university.edu","3.33",2023
567,84,"student.567@university.edu","3.88",2020
568,84,"student.568@university.edu","3.68",2022
569,85,"student.569@university.edu","3.18",2021
570,85,"student.570@university.edu","3.48",2023
571,86,"student.571@university.edu","3.73",2020
572,86,"student.572@university.edu","3.28",2022
573,87,"student.573@university.edu","3.53",2021
574,87,"student.574@university.edu","3.98",2023
575,88,"student.575@university.edu","3.38",2020
576,88,"student.576@university.edu","3.03",2022
577,89,"student.577@university.edu","3.73",2021
578,89,"student.578@university.edu","3.58",2023
579,90,"student.579@university.edu","3.18",2020
580,90,"student.580@university.edu","3.88",2022
581,91,"student.581@university.edu","3.48",2021
582,91,"student.582@university.edu","3.63",2023
583,92,"student.583@university.edu","3.23",2020
584,92,"student.584@university.edu","3.58",2022
585,93,"student.585@university.edu","3.93",2021
586,93,"student.586@university.edu","3.07",2023
587,94,"student.587@university.edu","3.82",2020
588,94,"student.588@university.edu","3.37",2022
589,95,"student.589@university.edu","3.22",2021
590,95,"student.590@university.edu","3.57",2023
591,96,"student.591@university.edu","3.72",2020
592,96,"student.592@university.edu","3.47",2022
593,97,"student.593@university.edu","3.17",2021
594,97,"student.594@university.edu","3.87",2023
595,98,"student.595@university.edu","3.32",2020
596,98,"student.596@university.edu","3.02",2022
597,99,"student.597@university.edu","3.77",2021
598,99,"student.598@university.edu","3.62",2023
599,100,"student.599@university.edu","3.12",2020
600,100,"student.600@university.edu","3.88",2022
601,101,"student.601@university.edu","3.48",2021
602,101,"student.602@university.edu","3.63",2023
603,102,"student.603@university.edu","3.28",2020
604,102,"student.604@university.edu","3.53",2022
605,103,"student.605@university.edu","3.98",2021
606,103,"student.606@university.edu","3.08",2023
607,104,"student.607@university.edu","3.83",2020
608,104,"student.608@university.edu","3.33",2022
609,105,"student.609@university.edu","3.18",2021
610,105,"student.610@university.edu","3.53",2023
611,106,"student.611@university.edu","3.68",2020
612,106,"student.612@university.edu","3.43",2022
613,107,"student.613@university.edu","3.08",2021
614,107,"student.614@university.edu","3.78",2023
615,108,"student.615@university.edu","3.23",2020
616,108,"student.616@university.edu","3.93",2022
617,109,"student.617@university.edu","3.58",2021
618,109,"student.618@university.edu","3.33",2023
619,110,"student.619@university.edu","3.88",2020
620,110,"student.620@university.edu","3.68",2022
621,111,"student.621@university.edu","3.18",2021
622,111,"student.622@university.edu","3.48",2023
623,112,"student.623@university.edu","3.73",2020
624,112,"student.624@university.edu","3.28",2022
625,113,"student.625@university.edu","3.53",2021
626,113,"student.626@university.edu","3.98",2023
627,114,"student.627@university.edu","3.38",2020
628,114,"student.628@university.edu","3.03",2022
629,115,"student.629@university.edu","3.73",2021
630,115,"student.630@university.edu","3.58",2023
631,116,"student.631@university.edu","3.18",2020
632,116,"student.632@university.edu","3.88",2022
633,117,"student.633@university.edu","3.48",2021
634,117,"student.634@university.edu","3.63",2023
635,118,"student.635@university.edu","3.23",2020
636,118,"student.636@university.edu","3.58",2022
637,119,"student.637@university.edu","3.93",2021
638,119,"student.638@university.edu","3.07",2023
639,120,"student.639@university.edu","3.82",2020
640,120,"student.640@university.edu","3.37",2022
641,121,"student.641@university.edu","3.22",2021
642,121,"student.642@university.edu","3.57",2023
643,122,"student.643@university.edu","3.72",2020
644,122,"student.644@university.edu","3.47",2022
645,123,"student.645@university.edu","3.17",2021
646,123,"student.646@university.edu","3.87",2023
647,124,"student.647@university.edu","3.32",2020
648,124,"student.648@university.edu","3.02",2022
649,125,"student.649@university.edu","3.77",2021
650,125,"student.650@university.edu","3.62",2023
651,126,"student.651@university.edu","3.12",2020
652,126,"student.652@university.edu","3.88",2022
653,127,"student.653@university.edu","3.48",2021
654,127,"student.654@university.edu","3.63",2023
655,128,"student.655@university.edu","3.28",2020
656,128,"student.656@university.edu","3.53",2022
657,129,"student.657@university.edu","3.98",2021
658,129,"student.658@university.edu","3.08",2023
659,130,"student.659@university.edu","3.83",2020
660,130,"student.660@university.edu","3.33",2022
661,131,"student.661@university.edu","3.18",2021
662,131,"student.662@university.edu","3.53",2023
663,132,"student.663@university.edu","3.68",2020
664,132,"student.664@university.edu","3.43",2022
665,133,"student.665@university.edu","3.08",2021
666,133,"student.666@university.edu","3.78",2023
667,134,"student.667@university.edu","3.23",2020
668,134,"student.668@university.edu","3.93",2022
669,135,"student.669@university.edu","3.58",2021
670,135,"student.670@university.edu","3.33",2023
671,136,"student.671@university.edu","3.88",2020
672,136,"student.672@university.edu","3.68",2022
673,137,"student.673@university.edu","3.18",2021
674,137,"student.674@university.edu","3.48",2023
675,138,"student.675@university.edu","3.73",2020
676,138,"student.676@university.edu","3.28",2022
677,139,"student.677@university.edu","3.53",2021
678,139,"student.678@university.edu","3.98",2023
679,140,"student.679@university.edu","3.38",2020
680,140,"student.680@university.edu","3.03",2022
681,141,"student.681@university.edu","3.73",2021
682,141,"student.682@university.edu","3.58",2023
683,142,"student.683@university.edu","3.18",2020
684,142,"student.684@university.edu","3.88",2022
685,143,"student.685@university.edu","3.48",2021
686,143,"student.686@university.edu","3.63",2023
687,144,"student.687@university.edu","3.23",2020
688,144,"student.688@university.edu","3.58",2022
689,145,"student.689@university.edu","3.93",2021
690,145,"student.690@university.edu","3.07",2023
691,146,"student.691@university.edu","3.82",2020
692,146,"student.692@university.edu","3.37",2022
693,147,"student.693@university.edu","3.22",2021
694,147,"student.694@university.edu","3.57",2023
695,148,"student.695@university.edu","3.72",2020
696,148,"student.696@university.edu","3.47",2022
697,149,"student.697@university.edu","3.17",2021
698,149,"student.698@university.edu","3.87",2023
699,150,"student.699@university.edu","3.32",2020
700,150,"student.700@university.edu","3.02",2022
701,151,"student.701@university.edu","3.77",2021
702,151,"student.702@university.edu","3.62",2023
703,152,"student.703@university.edu","3.12",2020
704,152,"student.704@university.edu","3.88",2022
705,153,"student.705@university.edu","3.48",2021
706,153,"student.706@university.edu","3.63",2023
707,154,"student.707@university.edu","3.28",2020
708,154,"student.708@university.edu","3.53",2022
709,155,"student.709@university.edu","3.98",2021
710,155,"student.710@university.edu","3.08",2023
711,156,"student.711@university.edu","3.83",2020
712,156,"student.712@university.edu","3.33",2022
713,157,"student.713@university.edu","3.18",2021
714,157,"student.714@university.edu","3.53",2023
715,158,"student.715@university.edu","3.68",2020
716,158,"student.716@university.edu","3.43",2022
717,159,"student.717@university.edu","3.08",2021
718,159,"student.718@university.edu","3.78",2023
719,160,"student.719@university.edu","3.23",2020
720,160,"student.720@university.edu","3.93",2022
721,161,"student.721@university.edu","3.58",2021
722,161,"student.722@university.edu","3.33",2023
723,162,"student.723@university.edu","3.88",2020
724,162,"student.724@university.edu","3.68",2022
725,163,"student.725@university.edu","3.18",2021
726,163,"student.726@university.edu","3.48",2023
727,164,"student.727@university.edu","3.73",2020
728,164,"student.728@university.edu","3.28",2022
729,165,"student.729@university.edu","3.53",2021
730,165,"student.730@university.edu","3.98",2023
731,166,"student.731@university.edu","3.38",2020
732,166,"student.732@university.edu","3.03",2022
733,167,"student.733@university.edu","3.73",2021
734,167,"student.734@university.edu","3.58",2023
735,168,"student.735@university.edu","3.18",2020
736,168,"student.736@university.edu","3.88",2022
737,169,"student.737@university.edu","3.48",2021
738,169,"student.738@university.edu","3.63",2023
739,170,"student.739@university.edu","3.23",2020
740,170,"student.740@university.edu","3.58",2022
741,171,"student.741@university.edu","3.93",2021
742,171,"student.742@university.edu","3.07",2023
743,172,"student.743@university.edu","3.82",2020
744,172,"student.744@university.edu","3.37",2022
745,173,"student.745@university.edu","3.22",2021
746,173,"student.746@university.edu","3.57",2023
747,174,"student.747@university.edu","3.72",2020
748,174,"student.748@university.edu","3.47",2022
749,175,"student.749@university.edu","3.17",2021
750,175,"student.750@university.edu","3.87",2023
751,176,"student.751@university.edu","3.32",2020
752,176,"student.752@university.edu","3.02",2022
753,177,"student.753@university.edu","3.77",2021
754,177,"student.754@university.edu","3.62",2023
755,178,"student.755@university.edu","3.12",2020
756,178,"student.756@university.edu","3.88",2022
757,179,"student.757@university.edu","3.48",2021
758,179,"student.758@university.edu","3.63",2023
759,180,"student.759@university.edu","3.28",2020
760,180,"student.760@university.edu","3.53",2022
761,181,"student.761@university.edu","3.98",2021
762,181,"student.762@university.edu","3.08",2023
763,182,"student.763@university.edu","3.83",2020
764,182,"student.764@university.edu","3.33",2022
765,183,"student.765@university.edu","3.18",2021
766,183,"student.766@university.edu","3.53",2023
767,184,"student.767@university.edu","3.68",2020
768,184,"student.768@university.edu","3.43",2022
769,185,"student.769@university.edu","3.08",2021
770,185,"student.770@university.edu","3.78",2023
771,186,"student.771@university.edu","3.23",2020
772,186,"student.772@university.edu","3.93",2022
773,187,"student.773@university.edu","3.58",2021
774,187,"student.774@university.edu","3.33",2023
775,188,"student.775@university.edu","3.88",2020
776,188,"student.776@university.edu","3.68",2022
777,189,"student.777@university.edu","3.18",2021
778,189,"student.778@university.edu","3.48",2023
779,190,"student.779@university.edu","3.73",2020
780,190,"student.780@university.edu","3.28",2022
781,191,"student.781@university.edu","3.53",2021
782,191,"student.782@university.edu","3.98",2023
783,192,"student.783@university.edu","3.38",2020
784,192,"student.784@university.edu","3.03",2022
785,193,"student.785@university.edu","3.73",2021
786,193,"student.786@university.edu","3.58",2023
787,194,"student.787@university.edu","3.18",2020
788,194,"student.788@university.edu","3.88",2022
789,195,"student.789@university.edu","3.48",2021
790,195,"student.790@university.edu","3.63",2023
791,196,"student.791@university.edu","3.23",2020
792,196,"student.792@university.edu","3.58",2022
793,197,"student.793@university.edu","3.93",2021
794,197,"student.794@university.edu","3.07",2023
795,198,"student.795@university.edu","3.82",2020
796,198,"student.796@university.edu","3.37",2022
797,199,"student.797@university.edu","3.22",2021
798,199,"student.798@university.edu","3.57",2023
799,200,"student.799@university.edu","3.72",2020
800,200,"student.800@university.edu","3.47",2022
801,1,"student.801@university.edu","3.17",2021
802,1,"student.802@university.edu","3.87",2023
803,2,"student.803@university.edu","3.32",2020
804,2,"student.804@university.edu","3.02",2022
805,3,"student.805@university.edu","3.77",2021
806,3,"student.806@university.edu","3.62",2023
807,4,"student.807@university.edu","3.12",2020
808,4,"student.808@university.edu","3.88",2022
809,5,"student.809@university.edu","3.48",2021
810,5,"student.810@university.edu","3.63",2023
811,6,"student.811@university.edu","3.28",2020
812,6,"student.812@university.edu","3.53",2022
813,7,"student.813@university.edu","3.98",2021
814,7,"student.814@university.edu","3.08",2023
815,8,"student.815@university.edu","3.83",2020
816,8,"student.816@university.edu","3.33",2022
817,9,"student.817@university.edu","3.18",2021
818,9,"student.818@university.edu","3.53",2023
819,10,"student.819@university.edu","3.68",2020
820,10,"student.820@university.edu","3.43",2022
821,11,"student.821@university.edu","3.08",2021
822,11,"student.822@university.edu","3.78",2023
823,12,"student.823@university.edu","3.23",2020
824,12,"student.824@university.edu","3.93",2022
825,13,"student.825@university.edu","3.58",2021
826,13,"student.826@university.edu","3.33",2023
827,14,"student.827@university.edu","3.88",2020
828,14,"student.828@university.edu","3.68",2022
829,15,"student.829@university.edu","3.18",2021
830,15,"student.830@university.edu","3.48",2023
831,16,"student.831@university.edu","3.73",2020
832,16,"student.832@university.edu","3.28",2022
833,17,"student.833@university.edu","3.53",2021
834,17,"student.834@university.edu","3.98",2023
835,18,"student.835@university.edu","3.38",2020
836,18,"student.836@university.edu","3.03",2022
837,19,"student.837@university.edu","3.73",2021
838,19,"student.838@university.edu","3.58",2023
839,20,"student.839@university.edu","3.18",2020
840,20,"student.840@university.edu","3.88",2022
841,21,"student.841@university.edu","3.48",2021
842,21,"student.842@university.edu","3.63",2023
843,22,"student.843@university.edu","3.23",2020
844,22,"student.844@university.edu","3.58",2022
845,23,"student.845@university.edu","3.93",2021
846,23,"student.846@university.edu","3.07",2023
847,24,"student.847@university.edu","3.82",2020
848,24,"student.848@university.edu","3.37",2022
849,25,"student.849@university.edu","3.22",2021
850,25,"student.850@university.edu","3.57",2023
851,26,"student.851@university.edu","3.72",2020
852,26,"student.852@university.edu","3.47",2022
853,27,"student.853@university.edu","3.17",2021
854,27,"student.854@university.edu","3.87",2023
855,28,"student.855@university.edu","3.32",2020
856,28,"student.856@university.edu","3.02",2022
857,29,"student.857@university.edu","3.77",2021
858,29,"student.858@university.edu","3.62",2023
859,30,"student.859@university.edu","3.12",2020
860,30,"student.860@university.edu","3.88",2022
861,31,"student.861@university.edu","3.48",2021
862,31,"student.862@university.edu","3.63",2023
863,32,"student.863@university.edu","3.28",2020
864,32,"student.864@university.edu","3.53",2022
865,33,"student.865@university.edu","3.98",2021
866,33,"student.866@university.edu","3.08",2023
867,34,"student.867@university.edu","3.83",2020
868,34,"student.868@university.edu","3.33",2022
869,35,"student.869@university.edu","3.18",2021
870,35,"student.870@university.edu","3.53",2023
871,36,"student.871@university.edu","3.68",2020
872,36,"student.872@university.edu","3.43",2022
873,37,"student.873@university.edu","3.08",2021
874,37,"student.874@university.edu","3.78",2023
875,38,"student.875@university.edu","3.23",2020
876,38,"student.876@university.edu","3.93",2022
877,39,"student.877@university.edu","3.58",2021
878,39,"student.878@university.edu","3.33",2023
879,40,"student.879@university.edu","3.88",2020
880,40,"student.880@university.edu","3.68",2022
881,41,"student.881@university.edu","3.18",2021
882,41,"student.882@university.edu","3.48",2023
883,42,"student.883@university.edu","3.73",2020
884,42,"student.884@university.edu","3.28",2022
885,43,"student.885@university.edu","3.53",2021
886,43,"student.886@university.edu","3.98",2023
887,44,"student.887@university.edu","3.38",2020
888,44,"student.888@university.edu","3.03",2022
889,45,"student.889@university.edu","3.73",2021
890,45,"student.890@university.edu","3.58",2023
891,46,"student.891@university.edu","3.18",2020
892,46,"student.892@university.edu","3.88",2022
893,47,"student.893@university.edu","3.48",2021
894,47,"student.894@university.edu","3.63",2023
895,48,"student.895@university.edu","3.23",2020
896,48,"student.896@university.edu","3.58",2022
897,49,"student.897@university.edu","3.93",2021
898,49,"student.898@university.edu","3.07",2023
899,50,"student.899@university.edu","3.82",2020
900,50,"student.900@university.edu","3.37",2022
901,51,"student.901@university.edu","3.22",2021
902,51,"student.902@university.edu","3.57",2023
903,52,"student.903@university.edu","3.72",2020
904,52,"student.904@university.edu","3.47",2022
905,53,"student.905@university.edu","3.17",2021
906,53,"student.906@university.edu","3.87",2023
907,54,"student.907@university.edu","3.32",2020
908,54,"student.908@university.edu","3.02",2022
909,55,"student.909@university.edu","3.77",2021
910,55,"student.910@university.edu","3.62",2023
911,56,"student.911@university.edu","3.12",2020
912,56,"student.912@university.edu","3.88",2022
913,57,"student.913@university.edu","3.48",2021
914,57,"student.914@university.edu","3.63",2023
915,58,"student.915@university.edu","3.28",2020
916,58,"student.916@university.edu","3.53",2022
917,59,"student.917@university.edu","3.98",2021
918,59,"student.918@university.edu","3.08",2023
919,60,"student.919@university.edu","3.83",2020
920,60,"student.920@university.edu","3.33",2022
921,61,"student.921@university.edu","3.18",2021
922,61,"student.922@university.edu","3.53",2023
923,62,"student.923@university.edu","3.68",2020
924,62,"student.924@university.edu","3.43",2022
925,63,"student.925@university.edu","3.08",2021
926,63,"student.926@university.edu","3.78",2023
927,64,"student.927@university.edu","3.23",2020
928,64,"student.928@university.edu","3.93",2022
929,65,"student.929@university.edu","3.58",2021
930,65,"student.930@university.edu","3.33",2023
931,66,"student.931@university.edu","3.88",2020
932,66,"student.932@university.edu","3.68",2022
933,67,"student.933@university.edu","3.18",2021
934,67,"student.934@university.edu","3.48",2023
935,68,"student.935@university.edu","3.73",2020
936,68,"student.936@university.edu","3.28",2022
937,69,"student.937@university.edu","3.53",2021
938,69,"student.938@university.edu","3.98",2023
939,70,"student.939@university.edu","3.38",2020
940,70,"student.940@university.edu","3.03",2022
941,71,"student.941@university.edu","3.73",2021
942,71,"student.942@university.edu","3.58",2023
943,72,"student.943@university.edu","3.18",2020
944,72,"student.944@university.edu","3.88",2022
945,73,"student.945@university.edu","3.48",2021
946,73,"student.946@university.edu","3.63",2023
947,74,"student.947@university.edu","3.23",2020
948,74,"student.948@university.edu","3.58",2022
949,75,"student.949@university.edu","3.93",2021
950,75,"student.950@university.edu","3.07",2023
951,76,"student.951@university.edu","3.82",2020
952,76,"student.952@university.edu","3.37",2022
953,77,"student.953@university.edu","3.22",2021
954,77,"student.954@university.edu","3.57",2023
955,78,"student.955@university.edu","3.72",2020
956,78,"student.956@university.edu","3.47",2022
957,79,"student.957@university.edu","3.17",2021
958,79,"student.958@university.edu","3.87",2023
959,80,"student.959@university.edu","3.32",2020
960,80,"student.960@university.edu","3.02",2022
961,81,"student.961@university.edu","3.77",2021
962,81,"student.962@university.edu","3.62",2023
963,82,"student.963@university.edu","3.12",2020
964,82,"student.964@university.edu","3.88",2022
965,83,"student.965@university.edu","3.48",2021
966,83,"student.966@university.edu","3.63",2023
967,84,"student.967@university.edu","3.28",2020
968,84,"student.968@university.edu","3.53",2022
969,85,"student.969@university.edu","3.98",2021
970,85,"student.970@university.edu","3.08",2023
971,86,"student.971@university.edu","3.83",2020
972,86,"student.972@university.edu","3.33",2022
973,87,"student.973@university.edu","3.18",2021
974,87,"student.974@university.edu","3.53",2023
975,88,"student.975@university.edu","3.68",2020
976,88,"student.976@university.edu","3.43",2022
977,89,"student.977@university.edu","3.08",2021
978,89,"student.978@university.edu","3.78",2023
979,90,"student.979@university.edu","3.23",2020
980,90,"student.980@university.edu","3.93",2022
981,91,"student.981@university.edu","3.58",2021
982,91,"student.982@university.edu","3.33",2023
983,92,"student.983@university.edu","3.88",2020
984,92,"student.984@university.edu","3.68",2022
985,93,"student.985@university.edu","3.18",2021
986,93,"student.986@university.edu","3.48",2023
987,94,"student.987@university.edu","3.73",2020
988,94,"student.988@university.edu","3.28",2022
989,95,"student.989@university.edu","3.53",2021
990,95,"student.990@university.edu","3.98",2023
991,96,"student.991@university.edu","3.38",2020
992,96,"student.992@university.edu","3.03",2022
993,97,"student.993@university.edu","3.73",2021
994,97,"student.994@university.edu","3.58",2023
995,98,"student.995@university.edu","3.18",2020
996,98,"student.996@university.edu","3.88",2022
997,99,"student.997@university.edu","3.48",2021
998,99,"student.998@university.edu","3.63",2023
999,100,"student.999@university.edu","3.23",2020
1000,100,"student.1000@university.edu","3.58",2022
